{
    "loss": 1.8530765771865845,
    "accuracy": 0.8275862336158752
}